grupo,variante,semillas,val_acc_max_media,val_acc_max_desvio,val_acc_final_media,val_bacc_max_media,train_acc_final_media,mejor_epoca_media,epocas_corridas,tiempo_s_media,parametros,test_acc_media,test_acc_desvio,test_recall_8_media,test_recall_5_media
ablacion,1. config final del Ej. 2 (solo imágenes de digits),3,0.9450340136054423,0.0009684424718395828,0.939047619047619,0.864026473662309,0.9965687663298392,34.333333333333336,40.0,266.3096359993333,203530,0.8671739420638099,0.005494357396143823,0.0,0.8819133034379671
ablacion,2. + more_digits sin duplicados,3,0.9742403628117913,0.0005591305218112378,0.9685260770975056,0.9662501623292333,0.9991036844969429,21.333333333333332,40.0,528.8875738396667,203530,0.9695634761714057,0.003153387214261862,0.9204389574759945,0.9237668161434978
ablacion,3. + early stopping,3,0.9715192743764173,0.0024472993311985235,0.9693424036281179,0.9646078866364362,0.9974230929287109,10.333333333333334,16.333333333333332,213.8862349996666,203530,0.9695634761714057,0.0014253208185864934,0.9396433470507545,0.9431988041853513
ablacion,4. + balance de clases (oversampling),3,0.9732426303854876,0.0013018322081095122,0.9706122448979592,0.9664024867505109,0.9991975081949375,17.333333333333332,23.333333333333332,366.0761393036664,203530,0.9714323855293019,0.0004994870360130667,0.9410150891632373,0.9551569506726457
ablacion,"5. + augmentation (±2 px, ±10°)",3,0.9810430839002268,0.0005130933559629989,0.9801360544217687,0.9794130626388607,0.9895540049781695,19.333333333333332,25.333333333333332,507.78908409233344,203530,0.9831798157789348,0.0019890087339141885,0.9711934156378601,0.9745889387144993
ablacion,6. + L2 (λ=1e-4),3,0.9798639455782313,0.001677391565433707,0.9770521541950113,0.9773913617677762,0.9841949919070743,19.0,25.0,544.3498370983333,203530,0.9818448805232945,0.0008229093582925078,0.9725651577503429,0.9701046337817639
ablacion,7. + capa oculta de 512,3,0.9782312925170068,0.0004443518807769689,0.9761451247165533,0.975562659280237,0.9836373281103358,9.333333333333334,15.333333333333334,781.0247313196666,407050,0.9773061006541183,0.0022967094558917814,0.9657064471879288,0.9641255605381166
extras,7 con L2 λ=1e-3,1,0.9670748299319728,0.0,0.964625850340136,0.964652304722436,0.9697229363039132,11.0,17.0,849.0380734720002,407050,0.9707649179014818,0.0,0.934156378600823,0.9506726457399103
extras,7 sin quitar duplicados,1,0.9815559233861433,0.0,0.9782454480964767,0.9823547409755806,0.9866098171182917,21.0,27.0,929.0752360340002,407050,0.9799759711653985,0.0,0.9794238683127572,0.968609865470852
