digito,precision,recall,f1,soporte
0,0.9207547169811321,0.9959183673469387,0.9568627450980391,245
1,0.9587628865979382,0.9858657243816255,0.9721254355400697,283
2,0.8223684210526315,0.9689922480620154,0.8896797153024911,258
3,0.6793478260869565,0.9920634920634921,0.8064516129032258,252
4,0.9067164179104478,0.9918367346938776,0.9473684210526315,245
5,0.7836734693877551,0.8609865470852018,0.8205128205128206,223
6,0.9311740890688259,0.9623430962343096,0.9465020576131686,239
7,0.9603174603174603,0.9416342412451362,0.9508840864440079,257
8,0.0,0.0,0.0,243
9,0.9182879377431906,0.9365079365079365,0.9273084479371315,252
