optimizador,lr,val_acc_max_media,desvio
gd,0.1,0.9440203562340966,0.00037879029392611733
gd,0.5,0.9580822284719432,0.001054507549753821
gd,2.0,0.0767376456408196,0.040818499018525564
gd,8.0,0.1265568501406187,0.008121938770620759
momentum,0.01,0.9438864336413553,0.0013257660287413584
momentum,0.05,0.9579483058792017,0.0013657478273986048
momentum,0.2,0.9572786929154948,0.0018067145524617483
momentum,1.0,0.054238650060265174,0.046023020712021176
rmsprop,0.0001,0.943082898084907,0.0010545075497538398
rmsprop,0.001,0.9608946029195126,0.001002184916773517
rmsprop,0.01,0.9608946029195126,0.0011520457033671275
rmsprop,0.1,0.16793893129770995,0.04602302071202118
adam,0.0001,0.9383956073389581,0.0007575805878521824
adam,0.001,0.9584839962501674,0.000825554306009007
adam,0.01,0.9501807955002008,0.0008679175972154505
adam,0.1,0.08611222713271731,0.05012749659744864
