modelo,sigma,accuracy,desvio
Ej. 2 final,0.0,0.867440929114938,0.0
Ej. 2 final,0.05,0.8677079161660659,0.00018878835434158603
Ej. 2 final,0.1,0.8606327593111734,0.0020420582753675363
Ej. 2 final,0.2,0.7643839273795221,0.0018009261197746624
Ej. 2 final,0.3,0.632625817647844,0.0016458187165849616
Ej. 2 final,0.4,0.5035375784274462,0.0030382610270300613
Ej. 2 final,0.5,0.3916700040048058,0.005442215221102525
Ej. 3 final,0.0,0.9847817380857028,0.0
Ej. 3 final,0.05,0.9794419970631424,0.00018878835434158603
Ej. 3 final,0.1,0.9403283940728874,0.0032204880741729517
Ej. 3 final,0.2,0.6605259644907222,0.002177213513589678
Ej. 3 final,0.3,0.408757175276999,0.0024974351800653733
Ej. 3 final,0.4,0.27993592310772936,0.00283182531512434
Ej. 3 final,0.5,0.20731544520090775,0.003355975194226818
Ej. 3 entrenado con ruido,0.0,0.9651581898277933,0.0
Ej. 3 entrenado con ruido,0.05,0.9667601121345615,0.0008651369240966171
Ej. 3 entrenado con ruido,0.1,0.9662261380323054,0.0013215184803913713
Ej. 3 entrenado con ruido,0.2,0.9619543452142572,0.0013079640863880003
Ej. 3 entrenado con ruido,0.3,0.9287144573488186,0.005587625026420073
Ej. 3 entrenado con ruido,0.4,0.843011613936724,0.007081450919703557
Ej. 3 entrenado con ruido,0.5,0.7069817113869977,0.014164160037058907
